<?xml version="1.0" encoding="UTF-8"?>
<project-private xmlns="http://www.netbeans.org/ns/project-private/1">
    <editor-bookmarks xmlns="http://www.netbeans.org/ns/editor-bookmarks/2" lastBookmarkId="0"/>
    <open-files xmlns="http://www.netbeans.org/ns/projectui-open-files/2">
        <group>
            <file>file:/C:/tesisEstructural/Mampos/src/rendering/Planta.java</file>
            <file>file:/C:/tesisEstructural/Mampos/src/mampos/Mampos.java</file>
            <file>file:/C:/tesisEstructural/Mampos/shaders/projectionFragShader.glsl</file>
            <file>file:/C:/tesisEstructural/Mampos/shaders/projectionVertShader.glsl</file>
            <file>file:/C:/tesisEstructural/Mampos/src/rendering/Controlador.java</file>
            <file>file:/C:/tesisEstructural/Mampos/src/rendering/ProjectionSpace.java</file>
        </group>
    </open-files>
</project-private>
